{"x_train": [0.643, 0.644, 0.635, 0.644, 0.775, 0.499, 0.947, 0.908, 0.511, 0.804, 0.639, 0.476, 0.98, 0.922, 0.785, 0.793, 0.964, 0.779], "label_x_train": [0.9006666666666666, 0.8956666666666666, 0.9079999999999999, 0.8953333333333334, 0.8036666666666666, 0.9913333333333333, 0.7106666666666667, 0.7066666666666667, 0.9886666666666667, 0.8056666666666666, 0.9013333333333332, 0.996, 0.7176666666666667, 0.7053333333333334, 0.8053333333333333, 0.806, 0.7113333333333334, 0.8043333333333333], "x_test": [0.507, 0.486, 0.519, 0.799, 0.932, 0.644], "label_x_test": [0.9886666666666667, 0.9923333333333333, 0.9876666666666667, 0.8103333333333333, 0.7123333333333333, 0.8953333333333334], "y_train": [0.8023529411764706, 0.5811764705882353, 0.9841176470588235, 0.6476470588235295, 0.5764705882352941, 0.8041176470588235, 0.7935294117647059, 0.5676470588235294, 0.6511764705882352, 0.9847058823529412, 0.888235294117647, 0.9829411764705882, 0.9858823529411764, 0.6358823529411765, 0.7182352941176471, 0.798235294117647, 0.8835294117647059, 0.6441176470588236], "label_y_train": [-0.122, -0.981, 0.449, -0.685, -0.975, -0.114, -0.105, -0.961, -0.7, 0.466, 0.168, 0.455, 0.474, -0.684, -0.395, -0.11800000000000001, 0.18600000000000003, -0.6809999999999999], "y_test": [0.7241176470588235, 0.89, 0.5841176470588235, 0.8852941176470588, 0.7111764705882353, 0.7235294117647059], "label_y_test": [-0.406, 0.154, -0.987, 0.16699999999999998, -0.39399999999999996, -0.402]}