{"x_train": [0.4117291414752116, 0.28476420798065294, 0.22732769044740025, 0.9830713422007256, 0.9607013301088271, 0.4467956469165659, 0.19226118500604594, 0.42926239419588874, 0.6045949214026602, 0.7726723095525998, 0.5737605804111245, 0.7648125755743652, 0.2587666263603386, 0.14268440145102781, 0.7823458282950423, 0.7871825876662636, 1.0, 0.7672309552599759, 0.5931076178960096, 0.3893591293833132, 0.3645707376058041, 0.5985489721886336], "label_x_train": [0.9096774193548387, 1.0, 1.0, 0.635483870967742, 0.6290322580645161, 0.9096774193548387, 1.0, 0.9129032258064517, 0.8193548387096774, 0.7290322580645161, 0.8193548387096774, 0.7290322580645161, 0.9967741935483871, 0.9967741935483871, 0.7258064516129032, 0.7322580645161291, 0.6387096774193548, 0.7258064516129032, 0.8193548387096774, 0.9129032258064517, 0.9129032258064517, 0.8129032258064516], "x_test": [0.585247883917775], "label_x_test": [0.8193548387096774], "y_train": [0.48883572567783096, 0.08532695374800638, 0.46570972886762363, 0.7360446570972887, 0.5047846889952153, 0.10207336523125997, 0.6929824561403509, 0.28309409888357256, 0.11642743221690591, 0.5007974481658692, 0.9792663476874003, 0.1251993620414673, 0.2631578947368421, 0.9553429027113237, 0.7232854864433812, 0.9896331738437002, 1.0, 0.30462519936204147, 0.49760765550239233, 0.7097288676236044, 0.9617224880382775, 0.30303030303030304], "label_y_train": [0.25925925925925924, -0.48148148148148145, 0.2345679012345679, 0.6296296296296297, 0.24691358024691357, -0.48148148148148145, 0.5802469135802469, -0.1111111111111111, -0.4567901234567901, 0.24691358024691357, 0.9382716049382716, -0.4567901234567901, -0.12345679012345678, 0.9259259259259259, 0.6049382716049383, 0.9753086419753086, 1.0, -0.09876543209876543, 0.24691358024691357, 0.5925925925925926, 0.9506172839506173, -0.1111111111111111], "y_test": [0.7161084529505582], "label_y_test": [0.5925925925925926]}