{"x_train": [0.7123456790123457, 0.6123456790123457, 0.6185185185185185, 0.9975308641975309, 1.0, 0.7141975308641976, 0.6203703703703703, 0.7129629629629629, 0.8104938271604938, 0.9030864197530865, 0.8074074074074075, 0.9074074074074074, 0.6166666666666667, 0.6191358024691358, 0.9024691358024691, 0.9006172839506172, 0.9925925925925926, 0.9030864197530865, 0.8098765432098766, 0.7129629629629629, 0.7141975308641976, 0.8092592592592592], "label_x_train": [0.9096774193548387, 1.0, 1.0, 0.635483870967742, 0.6290322580645161, 0.9096774193548387, 1.0, 0.9129032258064517, 0.8193548387096774, 0.7290322580645161, 0.8193548387096774, 0.7290322580645161, 0.9967741935483871, 0.9967741935483871, 0.7258064516129032, 0.7322580645161291, 0.6387096774193548, 0.7258064516129032, 0.8193548387096774, 0.9129032258064517, 0.9129032258064517, 0.8129032258064516], "x_test": [0.8080246913580247], "label_x_test": [0.8193548387096774], "y_train": [0.7389858686616791, 0.4688279301745636, 0.741479634247714, 0.8653366583541147, 0.7339983374896093, 0.4713216957605985, 0.8686616791354946, 0.6093100581878637, 0.4704904405652535, 0.7339983374896093, 0.9925187032418953, 0.4696591853699086, 0.6076475477971738, 1.0, 0.8653366583541147, 0.9933499584372403, 0.9875311720698254, 0.6026600166251039, 0.7381546134663342, 0.8678304239401496, 0.9941812136325852, 0.6076475477971738], "label_y_train": [0.25925925925925924, -0.48148148148148145, 0.2345679012345679, 0.6296296296296297, 0.24691358024691357, -0.48148148148148145, 0.5802469135802469, -0.1111111111111111, -0.4567901234567901, 0.24691358024691357, 0.9382716049382716, -0.4567901234567901, -0.12345679012345678, 0.9259259259259259, 0.6049382716049383, 0.9753086419753086, 1.0, -0.09876543209876543, 0.24691358024691357, 0.5925925925925926, 0.9506172839506173, -0.1111111111111111], "y_test": [0.8661679135494597], "label_y_test": [0.5925925925925926]}