{"x_train": [0.21957913998170173, 0.7639524245196706, 0.4373284537968893, 0.27630375114364136, 0.6175663311985361, 0.9441903019213175, 0.46203110704483075, 0.4501372369624886, 0.9103385178408051, 0.7904849039341263, 0.9679780420860018, 1.0, 0.47118023787740165, 0.616651418115279, 0.7721866422689845, 0.9249771271729186, 0.42086001829826164], "label_x_train": [0.627891384512236, 0.9017767348307073, 0.7173985920214548, 0.6191753268521621, 0.8109285953737848, 0.9936305732484075, 0.7140462621521958, 0.7140462621521958, 0.9939658062353335, 0.9078109285953738, 0.991954408313778, 1.0, 0.7113643982567884, 0.8102581293999329, 0.9051290646999665, 0.9916191753268522, 0.7127053302044921], "x_test": [0.7785910338517841, 0.6175663311985361, 0.24611161939615736, 0.6193961573650503, 0.807868252516011, 0.6184812442817932], "label_x_test": [0.9051290646999665, 0.8045591686221923, 0.6218571907475695, 0.8048944016091183, 0.902782433791485, 0.8079114984914515], "y_train": [0.9799749687108886, 0.15894868585732166, 0.7246558197747184, 0.4918648310387985, 0.737171464330413, 0.5344180225281602, 0.31539424280350437, 0.5081351689612015, 0.1677096370463079, 0.7484355444305382, 0.7496871088861077, 1.0, 0.1376720901126408, 0.5244055068836045, 0.3379224030037547, 0.33917396745932415, 0.9824780976220275], "label_y_train": [1.0, -0.7026239067055394, 0.5510204081632654, 0.13411078717201166, 0.565597667638484, 0.141399416909621, -0.2886297376093295, 0.11078717201166181, -0.7040816326530612, 0.5743440233236152, 0.5743440233236152, 0.9868804664723033, -0.6734693877551021, 0.15743440233236153, -0.2696793002915452, -0.282798833819242, 0.9883381924198251], "y_test": [0.5331664580725908, 0.3316645807259074, 0.718397997496871, 0.15018773466833543, 0.9962453066332916, 0.986232790988736], "label_y_test": [0.13119533527696794, -0.2725947521865889, 0.5714285714285715, -0.6807580174927115, 0.9825072886297378, 0.9883381924198251]}